Sr. No.,Product Name,Price
0,Acer NITRO 5 Core i7 9th Gen - (8 GB/1 TB HDD/256 GB SSD/Windows 10 Home/4 GB Graphics/NVIDIA Geforce ...,"79,990"
1,Apple MacBook Air Core i5 5th Gen - (8 GB/128 GB SSD/Mac OS Sierra) MQD32HN/A A1466,"59,990"
2,MSI Core i7 9th Gen - (16 GB/1 TB HDD/512 GB SSD/Windows 10 Home/6 GB Graphics/NVIDIA Geforce RTX 2060...,"1,19,990"
3,HP 15q APU Dual Core A9 - (4 GB/1 TB HDD/Windows 10 Home) 15q-dy0007AU Laptop,"22,990"
4,HP 14q APU Dual Core A9 - (4 GB/256 GB SSD/Windows 10 Home) 14q-cy0006AU Thin and Light Laptop,"19,990"
5,Lenovo Ideapad 130 Core i3 7th Gen - (4 GB/1 TB HDD/Windows 10 Home) 130-15IKB Laptop,"26,990"
6,Acer Aspire 5s Core i5 8th Gen - (8 GB/512 GB SSD/Windows 10 Home/2 GB Graphics) A515-54G Thin and Lig...,"49,990"
7,HP 14q Core i3 7th Gen - (8 GB/256 GB SSD/Windows 10 Home) 14q-cs0023TU Thin and Light Laptop,"32,490"
8,Lenovo Ideapad L340 Core i5 9th Gen - (8 GB/1 TB HDD/128 GB SSD/Windows 10 Home/4 GB Graphics/NVIDIA G...,"59,798"
9,Lenovo Ideapad 330 Core i3 7th Gen - (8 GB/1 TB HDD/Windows 10 Home) 330-15IKB Laptop,"31,990"
10,Lenovo Ideapad 130 Core i3 7th Gen - (4 GB/1 TB HDD/Windows 10 Home) 130-15IKB Laptop,"27,990"
11,HP 15q APU Dual Core A6 - (4 GB/1 TB HDD/Windows 10 Home) 15q-dy0006AU Laptop,"21,990"
12,HP 15q Core i3 7th Gen - (8 GB/1 TB HDD/DOS) 15q-ds0017TU Laptop,"29,990"
13,Dell Vostro 3000 Core i3 7th Gen - (4 GB/1 TB HDD/Windows 10 Home) 3581 Laptop,"27,990"
14,HP 14q APU Dual Core A4 - (4 GB/256 GB SSD/Windows 10 Home) 14q-cy0005AU Thin and Light Laptop,"18,990"
15,Lenovo Ideapad 330 Core i3 7th Gen - (8 GB/1 TB HDD/DOS) 330-15IKB Laptop,"30,490"
16,HP Pavilion 15-EC Ryzen 5 Quad Core - (8 GB/1 TB HDD/128 GB SSD/Windows 10 Home/3 GB Graphics/NVIDIA G...,"49,990"
17,Acer Aspire 3 Ryzen 3 Dual Core - (4 GB/1 TB HDD/Windows 10 Home) A315-42-R414 Laptop,"23,990"
18,Lenovo Ideapad 130 APU Dual Core A6 - (4 GB/1 TB HDD/Windows 10 Home) 130-15AST Laptop,"18,990"
19,HP 15 Core i3 7th Gen - (8 GB/1 TB HDD/Windows 10 Home) 15-da0400TU Laptop,"32,790"
20,Dell G3 Series Core i5 8th Gen - (8 GB/1 TB HDD/128 GB SSD/Windows 10 Home/4 GB Graphics/NVIDIA Geforc...,"59,990"
21,Asus VivoBook 14 Core i3 7th Gen - (4 GB/256 GB SSD/Windows 10 Home) X412UA-EK342T Thin and Light Lapt...,"33,990"
22,Acer Nitro 5 Ryzen 5 Quad Core - (8 GB/1 TB HDD/256 GB SSD/Windows 10 Home/4 GB Graphics/AMD Radeon RX...,"56,990"
23,Lenovo IDEAPAD APU Quad Core A6 9th Gen - (4 GB/1 TB HDD/Windows 10) IP S145-15AST Laptop,"18,999"
24,Lenovo Ideapad 330 Core i3 7th Gen - (4 GB/1 TB HDD/Windows 10 Home) 330-15IKB Laptop,"43,990"
25,HP 15 Core i5 8th Gen - (8 GB/1 TB HDD/Windows 10) 15-da1041tu Laptop,"44,980"
26,Apple MacBook Pro Core i5 7th Gen - (8 GB/128 GB SSD/Mac OS Sierra) MPXQ2HN/A,"1,12,990"
27,Apple MacBook Pro Core i5 8th Gen - (8 GB/256 GB SSD/Mac OS Mojave) MV962HN,"1,49,990"
28,Asus Celeron Dual Core - (2 GB/500 GB HDD/Windows 10 Home) E203NAH-FD081T Laptop,"17,990"
29,Lenovo Ideapad 130 Core i5 8th Gen - (8 GB/1 TB HDD/DOS/2 GB Graphics) 130-15IKB Laptop,"41,990"
30,Asus VivoBook 15 Core i3 8th Gen - (4 GB/256 GB SSD/Windows 10 Home) X512FA-EJ550T Laptop,"34,590"
31,Apple MacBook Air Core i5 8th Gen - (8 GB/128 GB SSD/Mac OS Mojave) MREA2HN/A,"1,06,990"
32,Avita Liber Core i5 8th Gen - (8 GB/256 GB SSD/Windows 10 Home) NS14A2IN202P Thin and Light Laptop,"41,990"
33,Asus Vivobook Core i5 8th Gen - (4 GB + 16 GB Optane/1 TB HDD/Windows 10 Home/2 GB Graphics) X510UF-EJ...,"45,190"
34,Acer Predator Helios 300 Core i7 9th Gen - (16 GB/1 TB HDD/256 GB SSD/Windows 10 Home/6 GB Graphics/NV...,"99,990"
35,Microsoft Surface Pro 6 Core i5 8th Gen - (8 GB/256 GB SSD/Windows 10 Home) 1796 2 in 1 Laptop,"1,07,990"
36,Dell Inspiron 15 5000 Core i5 8th Gen - (8 GB/1 TB HDD/Windows 10 Home/2 GB Graphics) 5570 Laptop,"49,990"
37,HP Pavilion Ryzen 5 Quad Core - (8 GB/1 TB HDD/256 GB SSD/Windows 10 Home/4 GB Graphics/NVIDIA Geforce...,"64,990"
38,Acer Nitro 5 Core i7 9th Gen - (8 GB/1 TB HDD/256 GB SSD/Windows 10 Home/4 GB Graphics/NVIDIA Geforce ...,"74,990"
39,Apple MacBook Air Core i5 8th Gen - (8 GB/256 GB SSD/Mac OS Mojave) MREF2HN/A,"1,27,990"
40,Asus Core i5 8th Gen - (4 GB/1 TB HDD/Windows 10 Home) X540UA-DM2125T Laptop,"36,990"
41,Apple MacBook Air Core i5 8th Gen - (8 GB/128 GB SSD/Mac OS Mojave) MRE82HN/A,"1,06,990"
42,Acer Nitro 5 Ryzen 5 Quad Core - (8 GB/1 TB HDD/Windows 10 Home/4 GB Graphics/AMD Radeon RX 560X) AN51...,"49,990"
43,HP Pavilion Core i5 7th Gen - (4 GB/1 TB HDD/Windows 10 Home/4 GB Graphics) 15-AU624TX Laptop,"61,290"
44,Acer Predator Triton 700 Core i7 7th Gen - (16 GB/1 TB SSD/Windows 10 Home/6 GB Graphics/NVIDIA Geforc...,"99,990"
45,Apple MacBook Air Core i5 8th Gen - (8 GB/256 GB SSD/Mac OS Mojave) A1932,"1,14,990"
46,Asus Vivobook Core i5 8th Gen - (4 GB + 16 GB Optane/1 TB HDD/Windows 10 Home/2 GB Graphics) X510UF-EJ...,"45,990"
47,Asus VivoBook Ryzen 5 Quad Core - (4 GB/1 TB HDD/Windows 10 Home) X505ZA-EJ505TX505Z Thin and Light La...,"29,290"
48,Lenovo Ideapad 330 Core i3 7th Gen - (8 GB/1 TB HDD/Windows 10 Home) 330-15IKB Laptop,"34,990"
49,Lenovo Ideapad 720S Core i7 8th Gen - (8 GB/512 GB SSD/Windows 10 Home) 720S-13IKB Thin and Light Lapt...,"95,695"
50,HP 15 Core i3 7th Gen - (8 GB/1 TB HDD/Windows 10 Home) 15Q-DS0026TU Laptop,"34,490"
51,Asus ROG Strix G Core i7 9th Gen - (16 GB/512 GB SSD/Windows 10 Home/4 GB Graphics/NVIDIA Geforce GTX ...,"84,990"
52,Asus VivoBook 14 Ryzen 5 Quad Core - (4 GB/1 TB HDD/Windows 10 Home) X412DA-EK141T Thin and Light Lapt...,"37,990"
53,Acer Nitro 5 Core i5 8th Gen - (8 GB/1 TB HDD/256 GB SSD/Windows 10 Home/4 GB Graphics/NVIDIA Geforce ...,"56,990"
54,Acer Nitro 5 Core i7 8th Gen - (8 GB/1 TB HDD/128 GB SSD/Windows 10 Home/4 GB Graphics/NVIDIA Geforce ...,"64,990"
55,Dell Inspiron 3000 Ryzen 3 Quad Core - (4 GB/1 TB HDD/Windows 10 Home) 3585 Laptop,"28,990"
56,HP DI Core i3 7th Gen - (4 GB/1 TB HDD/Windows 10 Home) 15-di0002tu Laptop,"28,240"
57,Asus F570ZD Ryzen 5 Quad Core - (8 GB/1 TB HDD/Windows 10 Home/4 GB Graphics) F570ZD-DM226TF570ZD Lapt...,"47,990"
58,Apple MacBook Air Core i5 8th Gen - (8 GB/256 GB SSD/Mac OS Mojave) MVFL2HN/A,"1,14,990"
59,Lenovo Yoga 730 Core i7 8th Gen - (8 GB/512 GB SSD/Windows 10 Home) 730-13IKB 2 in 1 Laptop,"1,09,990"
60,Microsoft Surface Pro 6 Core i5 8th Gen - (8 GB/128 GB SSD/Windows 10 Home) 1796 2 in 1 Laptop,"71,890"
61,Lenovo Ideapad Core i5 7th Gen - (4 GB/1 TB HDD/Windows 10 Home) IP 320E-15IKB Laptop,"51,890"
62,Lenovo Yoga 730 Core i5 8th Gen - (8 GB/512 GB SSD/Windows 10 Home) 730-13IKB 2 in 1 Laptop,"94,990"
63,Asus VivoBook Ryzen 5 Quad Core - (8 GB/1 TB HDD/Windows 10 Home) X505ZA-EJ509TX505Z Thin and Light La...,"33,980"
64,HP 14q Core i5 8th Gen - (8 GB/256 GB SSD/Windows 10 Home) 14q-cs1002tu Thin and Light Laptop,"45,990"
65,Lenovo Core i5 8th Gen - (8 GB/1 TB HDD/DOS) L340-15IWL Laptop,"36,990"
66,Asus Core i3 7th Gen - (4 GB/256 GB SSD/Windows 10 Home) X509UA-EJ361T Laptop,"28,390"
67,Lenovo Ideapad 130 Core i3 7th Gen - (4 GB/1 TB HDD/Windows 10 Home) 130-15IKB Laptop,"27,990"
68,HP 15 Core i7 8th Gen - (16 GB/1 TB HDD/128 GB SSD/Windows 10 Home/4 GB Graphics) 15-dc0084TX Laptop,"1,26,873"
69,Lenovo Yoga 530 Core i5 8th Gen - (8 GB/512 GB SSD/Windows 10 Home/2 GB Graphics) 530-14IKB 2 in 1 Lap...,"83,990"
70,HP 250-G6 Core i5 7th Gen - (4 GB/1 TB HDD/DOS/2 GB Graphics) 2RC10PA Laptop,"36,749"
71,Asus Vivobook 15 Ryzen 5 Quad Core - (8 GB/512 GB SSD/Windows 10 Home) X512DA-EJ503T Thin and Light La...,"43,690"
72,Dell Inspiron 15 5000 Ryzen 5 Quad Core - (8 GB/1 TB HDD/Windows 10 Home) INS 5575 Laptop,"48,990"
73,Lenovo Ideapad 130 Core i3 7th Gen - (4 GB/1 TB HDD/DOS) 130-15IKB Laptop,"25,490"
74,Dell Inspiron 3000 Ryzen 3 Quad Core - (4 GB/1 TB HDD/Windows 10 Home) 3585 Laptop,"28,990"
75,Lenovo Ideapad 130 Core i3 7th Gen - (4 GB/1 TB HDD/Windows 10 Home) 130-15IKB Laptop,"27,990"
76,Lenovo Ideapad 330 Pentium Quad Core - (4 GB/1 TB HDD/DOS) 330-15IGM Laptop,"20,890"
77,HP 15 Core i7 8th Gen - (16 GB/1 TB HDD/128 GB SSD/Windows 10 Home/4 GB Graphics) 15-dc0084TX Laptop,"1,26,873"
78,Asus Vivobook 15 Ryzen 5 Quad Core - (8 GB/512 GB SSD/Windows 10 Home) X512DA-EJ503T Thin and Light La...,"43,690"
79,HP Pavilion 15 Core i5 8th Gen - (8 GB/1 TB HDD/Windows 10 Home/4 GB Graphics/NVIDIA Geforce GTX 1050)...,"54,990"
80,HP DI Core i3 7th Gen - (4 GB/1 TB HDD/Windows 10 Home) 15-di0002tu Laptop,"28,240"
81,Microsoft Surface Pro 6 Core i5 8th Gen - (8 GB/128 GB SSD/Windows 10 Home) 1796 2 in 1 Laptop,"71,890"
82,Asus F570ZD Ryzen 5 Quad Core - (8 GB/1 TB HDD/Windows 10 Home/4 GB Graphics) F570ZD-DM226TF570ZD Lapt...,"47,990"
83,HP 14q Core i3 7th Gen - (4 GB/1 TB HDD/Windows 10 Home) 14q-CS0005TU Thin and Light Laptop,"28,990"
84,Asus Core i3 7th Gen - (4 GB/256 GB SSD/Windows 10 Home) X509UA-EJ361T Laptop,"28,390"
85,Lenovo Yoga 730 Core i7 8th Gen - (8 GB/512 GB SSD/Windows 10 Home) 730-13IKB 2 in 1 Laptop,"1,09,990"
86,Lenovo Yoga 730 Core i5 8th Gen - (8 GB/512 GB SSD/Windows 10 Home) 730-13IKB 2 in 1 Laptop,"94,990"
87,Lenovo Ideapad Core i5 7th Gen - (4 GB/1 TB HDD/Windows 10 Home) IP 320E-15IKB Laptop,"51,890"
88,Asus ROG Strix G Core i5 9th Gen - (8 GB/1 TB HDD/Windows 10 Home/4 GB Graphics/NVIDIA Geforce GTX 105...,"59,990"
89,Dell Vostro 15 Core i3 7th Gen - (4 GB/1 TB HDD/Windows 10 Home) 3568 Laptop,"27,990"
90,HP 14q Core i5 8th Gen - (8 GB/256 GB SSD/Windows 10 Home) 14q-cs1002tu Thin and Light Laptop,"45,990"
91,Lenovo Core i5 8th Gen - (8 GB/1 TB HDD/DOS) L340-15IWL Laptop,"36,990"
92,Apple MacBook Air Core i5 8th Gen - (8 GB/256 GB SSD/Mac OS Mojave) MVFL2HN/A,"1,14,990"
93,Asus VivoBook 14 Core i3 7th Gen - (4 GB/256 GB SSD/Windows 10 Home) X412UA-EK340T Thin and Light Lapt...,"33,990"
94,Asus VivoBook Ryzen 5 Quad Core - (8 GB/1 TB HDD/Windows 10 Home) X505ZA-EJ509TX505Z Thin and Light La...,"33,980"
95,Lenovo Yoga 530 Core i5 8th Gen - (8 GB/512 GB SSD/Windows 10 Home/2 GB Graphics) 530-14IKB 2 in 1 Lap...,"83,990"
96,HP Omen Core i5 7th Gen - (8 GB/1 TB HDD/128 GB SSD/Windows 10 Home/4 GB Graphics/NVIDIA Geforce GTX 1...,"1,02,551"
97,HP G5 Core i5 8th Gen - (8 GB/512 GB SSD/Windows 10 Home) 348 G5 Laptop,"62,300"
98,Apple MacBook Core m3 7th Gen - (8 GB/256 GB SSD/Mac OS Sierra) MNYH2HN/A,"1,12,990"
99,Lenovo Ideapad 130 Core i3 7th Gen - (4 GB/1 TB HDD/DOS) 130-15IKB Laptop,"25,490"
100,Lenovo Ideapad 330s Core i3 8th Gen - (4 GB/1 TB HDD/Windows 10 Home) 81F401FVIN Laptop,"38,559"
101,Asus VivoBook Core i3 7th Gen - (4 GB/1 TB HDD/Windows 10 Home) X441UA-GA508T Laptop,"27,690"
102,Asus ZenBook 15 Core i7 8th Gen - (16 GB/1 TB SSD/Windows 10 Home/2 GB Graphics) UX533FD-A9100T Laptop,"1,39,990"
103,HP Pavilion 15 Core i5 8th Gen - (8 GB/1 TB HDD/Windows 10 Home/4 GB Graphics/NVIDIA Geforce GTX 1050)...,"54,990"
104,HP 15 APU Dual Core A9 - (4 GB/500 GB HDD/Windows 10 Home) 15-BW523AU Laptop,"29,183"
105,Lenovo Ideapad 330 Core i5 8th Gen - (8 GB/1 TB HDD/DOS/2 GB Graphics) 330-15IKB Laptop,"43,990"
106,HP 15 Core i5 8th Gen - (4 GB/1 TB HDD/Windows 10 Home) 15q-bu100TU Laptop,"44,253"
107,Avita Liber Core i5 8th Gen - (8 GB/256 GB SSD/Windows 10 Home) NS14A2IN200P Thin and Light Laptop,"41,990"
108,Asus Core i3 6th Gen - (4 GB/1 TB HDD/Windows 10 Home) X541UA-DM1233T Laptop,"31,990"
109,HP 14q Core i3 7th Gen - (4 GB/1 TB HDD/Windows 10 Home) 14q-CS0005TU Thin and Light Laptop,"28,990"
110,Dell Inspiron 15 3000 Core i3 7th Gen - (4 GB/1 TB HDD/Windows 10) 3567 Laptop,"31,313"
111,HP G4 APU Dual Core A9 7th Gen - (4 GB/500 GB HDD/Windows 10 Home) 455 G4 Laptop,"35,000"
112,Alienware 17 Core i7 8th Gen - (16 GB/1 TB HDD/512 GB SSD/Windows 10 Home/8 GB Graphics/NVIDIA Geforce...,"2,28,990"
113,Dell Vostro 15 Core i3 7th Gen - (4 GB/1 TB HDD/Windows 10 Home) 3568 Laptop,"27,990"
114,Lenovo Ideapad 320 Core i5 7th Gen - (8 GB/2 TB HDD/DOS/4 GB Graphics) IP 320-15IKB Laptop,"56,690"
115,HP Pavilion x360 14 Core i3 10th Gen - (4 GB/256 GB SSD/Windows 10 Home) 14-dh1007TU 2 in 1 Laptop,"47,900"
116,MSI P Core i5 10th Gen - (8 GB/512 GB SSD/Windows 10 Home/2 GB Graphics) Prestige 14 A10RB-032IN Thin ...,"84,990"
117,Lenovo Ideapad S145 Core i3 8th Gen - (4 GB/1 TB HDD/Windows 10 Home) S145-15IWL Thin and Light Laptop,"35,399"
118,Lenovo 310 Core i5 6th Gen - (8 GB/1 TB HDD/DOS/2 GB Graphics) IP 310 Laptop,"44,490"
119,Asus VivoBook 14 Core i3 7th Gen - (4 GB/256 GB SSD/Windows 10 Home) X412UA-EK340T Thin and Light Lapt...,"33,990"
120,Alienware 17 Core i7 8th Gen - (16 GB/1 TB HDD/512 GB SSD/Windows 10 Home/8 GB Graphics/NVIDIA Geforce...,"2,28,990"
121,Lenovo Ideapad 320 Core i5 7th Gen - (8 GB/2 TB HDD/DOS/4 GB Graphics) IP 320-15IKB Laptop,"56,690"
122,HP Pavilion x360 14 Core i3 10th Gen - (4 GB/256 GB SSD/Windows 10 Home) 14-dh1007TU 2 in 1 Laptop,"47,900"
123,Lenovo Ideapad 130 Core i3 7th Gen - (4 GB/1 TB HDD/DOS) 130-15IKB Laptop,"25,490"
124,MSI P Core i5 10th Gen - (8 GB/512 GB SSD/Windows 10 Home/2 GB Graphics) Prestige 14 A10RB-032IN Thin ...,"84,990"
125,Lenovo Ideapad S145 Core i3 8th Gen - (4 GB/1 TB HDD/Windows 10 Home) S145-15IWL Thin and Light Laptop,"35,399"
126,Asus TUF Gaming Core i5 8th Gen - (8 GB/1 TB HDD/256 GB SSD/Windows 10 Home/4 GB Graphics/NVIDIA Gefor...,"65,490"
127,Lenovo 310 Core i5 6th Gen - (8 GB/1 TB HDD/DOS/2 GB Graphics) IP 310 Laptop,"44,490"
128,Apple Macbook Pro Core i7 8th Gen - (16 GB/256 GB SSD/Mac OS Mojave/4 GB Graphics) MR932HN/A,"2,20,900"
129,HP Pavilion 15 Core i5 8th Gen - (8 GB/1 TB HDD/Windows 10 Home/4 GB Graphics/NVIDIA Geforce GTX 1050)...,"54,990"
130,HP Core M 6th Gen - (4 GB/128 GB SSD/Windows 10 Pro) X2 2 in 1 Laptop,"89,855"
131,Acer Aspire Core i3 6th Gen - (4 GB/128 GB SSD/Windows 10 Home) X349-M Laptop,"49,449"
132,Lenovo Ideapad L340 Core i5 9th Gen - (8 GB/1 TB HDD/Windows 10 Home/4 GB Graphics/NVIDIA Geforce GTX ...,"63,479"
133,HP 14q Core i3 7th Gen - (4 GB/1 TB HDD/Windows 10 Home) 14q-CS0005TU Thin and Light Laptop,"28,990"
134,HP 14 Core i5 8th Gen - (8 GB/1 TB HDD/128 GB SSD/Windows 10 Home/2 GB Graphics) 14-ce1001TX Laptop,"67,990"
135,MSI G Ryzen 7 Quad Core - (16 GB/1 TB HDD/256 GB SSD/Windows 10 Home/4 GB Graphics/AMD Radeon RX 5500M...,"79,990"
136,Apple MacBook Pro Core i5 8th Gen - (8 GB/512 GB SSD/Mac OS Mojave) MR9V2HN/A,"1,69,900"
137,MSI GF Core i5 9th Gen - (8 GB/1 TB HDD/Windows 10 Home/4 GB Graphics/NVIDIA Geforce GTX 1050 Ti) GF63...,"52,990"
138,Apple MacBook Pro Core i5 8th Gen - (8 GB/128 GB SSD/Mac OS Mojave) MUHQ2HN/A,"1,14,990"
139,Dell Vostro 15 Core i3 7th Gen - (4 GB/1 TB HDD/Windows 10 Home) 3568 Laptop,"27,990"
140,HP 15 Core i5 8th Gen - (8 GB/256 GB SSD/Windows 10 Home) 15Q-DS1000TU Thin and Light Laptop,"45,990"
141,Asus ZenBook 13 Core i5 8th Gen - (8 GB/512 GB SSD/Windows 10 Home) UX331UAL-EG011T Thin and Light Lap...,"75,990"
142,MSI P Core i5 10th Gen - (8 GB/512 GB SSD/Windows 10 Home/2 GB Graphics) Prestige 14 A10RB-031IN Thin ...,"89,990"
143,Asus VivoBook 14 Core i3 7th Gen - (4 GB/256 GB SSD/Windows 10 Home) X412UA-EK340T Thin and Light Lapt...,"33,990"
144,Dell Inspiron 15 5000 Ryzen 3 Dual Core - (4 GB/1 TB HDD/Windows 10 Home) 5575 Laptop,"31,970"
145,Acer Aspire 3 Core i5 8th Gen - (4 GB/1 TB HDD/Windows 10 Home) A315-53-59GR Laptop,"33,241"
146,Avita Liber Core i5 8th Gen - (8 GB/256 GB SSD/Windows 10 Home) NS14A2IN204P Thin and Light Laptop,"41,990"
147,Lenovo Thinpad E480 Core i3 7th Gen - (4 GB/500 GB HDD/Windows 10 Pro/512 MB Graphics) ThinkPad E480 L...,"46,999"
148,Dell Core i5 5th Gen - (8 GB/1 TB HDD/Windows 10 Home/4 GB Graphics) 7548 Laptop,"69,500"
149,Lenovo Ideapad 130 Core i3 7th Gen - (4 GB/1 TB HDD/DOS) 130-15IKB Laptop,"25,490"
150,HP 14 APU Dual Core A4 9th Gen - (4 GB/1 TB HDD/Windows 10 Home) 14-cm0123au Thin and Light Laptop,"21,990"
151,Avita Liber Core i5 7th Gen - (8 GB/512 GB SSD/Windows 10 Home) NS13A1IN019P Thin and Light Laptop,"73,990"
152,Acer Predator 17 Core i7 7th Gen - (16 GB/2 TB HDD/256 GB SSD/Windows 10 Home/8 GB Graphics/NVIDIA Gef...,"1,86,555"
153,HP Pavilion 15 Core i5 8th Gen - (8 GB/1 TB HDD/Windows 10 Home/4 GB Graphics/NVIDIA Geforce GTX 1050)...,"54,990"
154,Dell Inspiron Pentium Gold 8th Gen - (4 GB/1 TB HDD/Windows 10 Home) Inspiron 15 3583 Laptop,"24,970"
155,Acer Spin 7 Core i7 7th Gen - (8 GB/256 GB SSD/Windows 10 Home) SP714-51 Laptop,"1,19,990"
156,Asus ZenBook 13 Core i5 8th Gen - (8 GB/512 GB SSD/Windows 10 Home) UX331FAL-EG003T Thin and Light Lap...,"58,951"
157,Acer NITRO 5 Core i5 9th Gen - (8 GB/2 TB HDD/256 GB SSD/Windows 10 Home/6 GB Graphics/NVIDIA Geforce ...,"81,990"
158,Acer Aspire 3 Pentium Quad Core - (4 GB/500 GB HDD/Linux) A315-31 Laptop,"22,999"
159,HP 14q Core i3 7th Gen - (4 GB/1 TB HDD/Windows 10 Home) 14q-CS0005TU Thin and Light Laptop,"28,990"
160,Asus VivoBook S14 Core i7 8th Gen - (8 GB/1 TB HDD/256 GB SSD/Windows 10 Home/2 GB Graphics) S430FN-EB...,"79,191"
161,Acer Predator Triton 500 Core i7 9th Gen - (16 GB/1 TB SSD/Windows 10 Home/6 GB Graphics/NVIDIA Geforc...,"1,59,990"
162,Dell Inspiron 7000 Core i7 9th Gen - (16 GB/512 GB SSD/Windows 10 Home/8 GB Graphics/NVIDIA Geforce RT...,"1,64,990"
163,Dell Vostro 15 Core i3 7th Gen - (4 GB/1 TB HDD/Windows 10 Home) 3568 Laptop,"27,990"
164,HP Spectre Folio x360 Core i7 8th Gen - (16 GB/512 GB SSD/Windows 10 Pro) 13-ak0040TU 2 in 1 Laptop,"2,15,000"
165,Dell Inspiron 15 3000 Core i3 7th Gen - (4 GB/1 TB HDD/Windows 10 Home) 3584 Laptop,"29,500"
166,Dell Inspiron 15 7000 Series Core i5 8th Gen - (8 GB/1 TB HDD/128 GB SSD/Windows 10 Home/2 GB Graphics...,"72,000"
167,Acer Predator Helios 300 Core i5 8th Gen - (8 GB/1 TB HDD/128 GB SSD/Windows 10 Home/4 GB Graphics/NVI...,"85,800"
168,HP Spectre x360 Core i5 8th Gen - (8 GB/256 GB SSD/Windows 10 Home) 13-ap0100TU 2 in 1 Laptop,"1,40,337"
169,Lenovo Ideapad 130 Core i3 7th Gen - (4 GB/1 TB HDD/DOS) 130-15IKB Laptop,"25,490"
170,HP Spectre x360 Core i7 8th Gen - (16 GB/512 GB SSD/Windows 10 Home) 13-ap0101TU 2 in 1 Laptop,"1,72,725"
171,Dell Inspiron 7000 Core i5 6th Gen - (8 GB/1 TB HDD/8 GB SSD/Windows 10 Home/4 GB Graphics/NVIDIA Gefo...,"88,768"
172,Dell Inspiron 13 7000 Series Core i5 8th Gen - (8 GB/256 GB SSD/Windows 10 Home) insp 7386 2 in 1 Lapt...,"72,990"
173,HP Pavilion 15 Core i5 8th Gen - (8 GB/1 TB HDD/Windows 10 Home/4 GB Graphics/NVIDIA Geforce GTX 1050)...,"54,990"
174,Acer Nitro 5 Core i7 8th Gen - (8 GB + 16 GB Optane/1 TB HDD/Windows 10 Home/4 GB Graphics/NVIDIA Gefo...,"78,990"
175,Asus Ryzen 5 Quad Core - (4 GB/256 GB SSD/Windows 10 Home) M509DA-EJ561T Laptop,"34,990"
176,Asus Ryzen 5 Quad Core - (4 GB/1 TB HDD/Windows 10 Home) M509DA-EJ542T Laptop,"34,990"
177,HP Spectre x360 Core i7 8th Gen - (16 GB/512 GB SSD/Windows 10 Pro) 13-ae503TU 2 in 1 Laptop,"1,61,990"
178,HP Pavilion Ryzen 7 Quad Core - (8 GB/1 TB HDD/256 GB SSD/Windows 10 Home/6 GB Graphics/NVIDIA Geforce...,"84,990"
179,HP 14q Core i3 7th Gen - (4 GB/1 TB HDD/Windows 10 Home) 14q-CS0005TU Thin and Light Laptop,"28,990"
180,HP Omen Core i7 9th Gen - (8 GB/1 TB HDD/256 GB SSD/Windows 10 Home/4 GB Graphics/NVIDIA Geforce GTX 1...,"90,999"
181,Dell Inspiron 3000 Core i7 9th Gen - (8 GB/1 TB HDD/512 GB SSD/Windows 10 Home/4 GB Graphics/NVIDIA Ge...,"82,990"
182,Asus ROG Strix Edition Core i7 7th Gen - (8 GB/1 TB HDD/128 GB SSD/Windows 10 Home/4 GB Graphics/NVIDI...,"92,990"
183,Dell Vostro 15 Core i3 7th Gen - (4 GB/1 TB HDD/Windows 10 Home) 3568 Laptop,"27,990"
184,Dell Inspiron 7000 Core i7 6th Gen - (8 GB/1 TB HDD/8 GB SSD/Windows 10 Home/4 GB Graphics/NVIDIA Gefo...,"94,990"
185,Asus ROG Core i7 7th Gen - (8 GB/1 TB HDD/256 GB SSD/Windows 10 Home/6 GB Graphics/NVIDIA Geforce GTX ...,"1,46,490"
186,Asus VIVOBOOK APU Dual Core E2 - (4 GB/256 GB SSD/Windows 10 Home) E402YA-GA256T Thin and Light Laptop,"19,100"
187,Dell Inspiron 3000 Core i7 9th Gen - (8 GB/512 GB SSD/Windows 10 Home/4 GB Graphics/NVIDIA Geforce GTX...,"82,990"
188,Lenovo Ideapad S145 Pentium Dual Core - (4 GB/1 TB HDD/Windows 10 Home) S145-15IWL Laptop,"23,800"
189,Asus VivoBook 14 Core i3 7th Gen - (4 GB/256 GB SSD/Windows 10 Home) X412UA-EK340T Thin and Light Lapt...,"33,990"
190,Asus Vivo Core i5 8th Gen - (8 GB/512 GB SSD/Windows 10/2 GB Graphics) X509FJ-EJ501T Thin and Light La...,"49,890"
191,Asus VivoBook 15 Core i5 8th Gen - (8 GB/1 TB HDD/Windows 10 Home) X540UA-DM2124T Laptop,"36,990"
192,Lenovo Ideapad S540 Core i5 8th Gen - (8 GB/1 TB SSD/Windows 10 Home/2 GB Graphics) S540-15IWL Laptop,"67,990"
193,MSI GP Core i7 8th Gen - (16 GB/1 TB HDD/256 GB SSD/Windows 10 Home/6 GB Graphics/NVIDIA Geforce GTX 1...,"96,990"
194,Asus ZenBook 13 Core i5 8th Gen - (8 GB/256 GB SSD/Windows 10 Home) UX331UAL-EG002T Thin and Light Lap...,"62,990"
195,Dell Vostro 14 3000 Core i5 8th Gen - (4 GB/1 TB HDD/Linux/2 GB Graphics) 3478 Laptop,"38,990"
196,Lenovo Ideapad S145 Core i3 8th Gen - (8 GB/1 TB HDD/Windows 10 Home/2 GB Graphics/NVIDIA Geforce NVID...,"41,999"
197,Dell Inspiron 15 7000 Core i7 7th Gen - (8 GB/1 TB HDD/128 GB SSD/Windows 10 Home/4 GB Graphics/NVIDIA...,"76,990"
198,HP CE Core i5 8th Gen - (8 GB/256 GB SSD/Windows 10 Home/2 GB Graphics) CE1000TX Thin and Light Laptop,"63,166"
199,Avita Liber Core i5 7th Gen - (8 GB/512 GB SSD/Windows 10 Home) NS13A1IN012P Thin and Light Laptop,"73,990"
200,HP Pavilion x360 Core i5 8th Gen - (8 GB/1 TB HDD/128 GB SSD/Windows 10 Home) 14-cd0087TU 2 in 1 Lapto...,"74,645"
201,Lenovo Ideapad L340 Core i5 8th Gen - (8 GB/1 TB HDD/Windows 10 Home) L340-15IWLU Laptop,"42,490"
202,Asus Vivobook S14 Core i5 8th Gen - (8 GB/1 TB HDD/128 GB SSD/Windows 10 Home) S410UA-EB113T Thin and ...,"53,990"
203,Acer Swift 3 Core i5 8th Gen - (8 GB/1 TB HDD/Linux) SF315-51 Laptop,"43,990"
204,HP Pavilion Ryzen 5 Quad Core - (8 GB/1 TB HDD/256 GB SSD/Windows 10 Home/3 GB Graphics/NVIDIA Geforce...,"55,940"
205,HP Pavilion 15 Core i5 8th Gen - (8 GB/1 TB HDD/256 GB SSD/Windows 10 Home/2 GB Graphics) 15-cs2082tx ...,"69,500"
206,Acer Aspire 3 Core i3 8th Gen - (4 GB + 16 GB Optane/1 TB HDD/Windows 10 Home) A315-53 Laptop,"34,990"
207,Avita Liber Core i5 8th Gen - (8 GB/256 GB SSD/Windows 10 Home) NS14A2IN205P Thin and Light Laptop,"41,990"
208,Asus ZenBook Duo Core i7 10th Gen - (16 GB/1 TB SSD/Windows 10 Home/2 GB Graphics) UX481FL-B7611T Thin...,"1,09,990"
209,HP 15 Core i5 8th Gen - (8 GB/1 TB HDD/Windows 10/2 GB Graphics) 15g-dr0006tx Laptop,"53,990"
210,Lenovo Core i7 7th Gen - (8 GB/256 GB SSD/Windows 10 Home) IP 720S Thin and Light Laptop,"62,990"
211,Lenovo Ideapad 330 Core i3 7th Gen - (4 GB + 16 GB Optane/1 TB HDD/Windows 10 Home/2 GB Graphics) 330-...,"34,990"
212,Lenovo Ideapad 320E Core i3 6th Gen - (4 GB/1 TB HDD/DOS) 320-14ISK Laptop,"25,490"
213,Avita Liber Core i7 8th Gen - (8 GB/256 GB SSD/Windows 10 Home) NS14A2IN245P Thin and Light Laptop,"75,990"
214,HP Pavilion x360 Core i3 8th Gen - (4 GB/1 TB HDD/8 GB SSD/Windows 10 Home/2 GB Graphics) 14-cd0050TX ...,"52,999"
215,Avita Liber Core i5 7th Gen - (8 GB/512 GB SSD/Windows 10 Home) NS13A1IN013P Thin and Light Laptop,"73,990"
216,Dell XPS 15 Core i7 8th Gen - (16 GB/256 GB SSD/Windows 10 Home/4 GB Graphics) 9575-7354BLK-PUS 2 in 1...,"1,64,990"
217,Lenovo Ideapad 330 Core i5 8th Gen - (4 GB + 16 GB Optane/1 TB HDD/Windows 10 Home/4 GB Graphics) 330-...,"45,990"
218,Acer Aspire 5 Core i3 8th Gen - (4 GB/1 TB HDD/Windows 10 Home) A515-52 Laptop,"33,990"
219,Lenovo Ideapad 130 Core i3 7th Gen - (4 GB/1 TB HDD/DOS) 130-15IKB Laptop,"25,490"
220,Avita Liber Core i5 8th Gen - (8 GB/256 GB SSD/Windows 10 Home) NS14A2IN203P Thin and Light Laptop,"41,990"
221,Nexstgo Core i7 8th Gen - (8 GB/256 GB SSD/Windows 10 Pro) NX101 Thin and Light Laptop,"86,990"
222,HP Chromebook x360 Core i3 8th Gen - (8 GB/64 GB EMMC Storage/Chrome OS) 14-da0003TU 2 in 1 Laptop,"44,990"
223,HP Pavilion 15 Core i5 8th Gen - (8 GB/1 TB HDD/Windows 10 Home/4 GB Graphics/NVIDIA Geforce GTX 1050)...,"54,990"
224,Asus Core i5 8th Gen - (4 GB/1 TB HDD/Windows 10 Home/2 GB Graphics) R540UB-DM1043T Laptop,"39,990"
225,Dell Inspiron 5000 Core i7 8th Gen - (8 GB/256 GB SSD/Windows 10 Home/4 GB Graphics) 5370 Thin and Lig...,"72,990"
226,Lenovo Ideapad 330 Core i3 7th Gen - (4 GB/1 TB HDD/Windows 10 Home/512 MB Graphics) 81DC00HEIN Laptop,"28,789"
227,Microsoft Surface Pro Core m3 7th Gen - (4 GB/128 GB SSD/Windows 10 Pro) M1796 2 in 1 Laptop,"49,990"
228,Smartron t.book flex Core i5 7th Gen - (4 GB/128 GB SSD/Windows 10 Home) T1224 2 in 1 Laptop,"52,990"
229,HP 14q Core i3 7th Gen - (4 GB/1 TB HDD/Windows 10 Home) 14q-CS0005TU Thin and Light Laptop,"28,990"
230,Dell Inspiron 13 7000 Core i7 8th Gen - (16 GB/512 GB SSD/Windows 10 Home) 7373 2 in 1 Laptop,"96,990"
231,Nexstgo Core i5 8th Gen - (16 GB/512 GB SSD/Windows 10 Pro) NX101 Thin and Light Laptop,"97,990"
232,Dell Inspiron 15 3000 Core i3 7th Gen - (4 GB/1 TB HDD/Windows 10 Home) 3567 Laptop,"31,620"
233,Dell Vostro 15 Core i3 7th Gen - (4 GB/1 TB HDD/Windows 10 Home) 3568 Laptop,"27,990"
234,Acer Swift 3 Core i5 8th Gen - (8 GB/256 GB SSD/Windows 10 Home) SF313-51-506P Thin and Light Laptop,"49,990"
235,Lenovo Ideapad 330 Core i5 8th Gen - (8 GB/1 TB HDD/Windows 10 Home/2 GB Graphics) 330-15IKB Laptop,"46,990"
236,HP 14 Core i5 8th Gen - (8 GB/1 TB HDD/Windows 10 Home) 14-bf119TU Laptop,"50,990"
237,Acer Swift 5 Core i5 8th Gen - (8 GB/256 GB SSD/Windows 10 Home) SF514-52T Thin and Light Laptop,"64,990"
238,Acer Aspire 5 Core i5 8th Gen - (4 GB/1 TB HDD/Linux) A515-51 Laptop,"34,990"
239,Asus VivoBook 14 Core i3 7th Gen - (4 GB/256 GB SSD/Windows 10 Home) X412UA-EK340T Thin and Light Lapt...,"33,990"
240,Acer Swift 7 Core i5 7th Gen - (8 GB/256 GB SSD/Windows 10 Home) SF713-51 Thin and Light Laptop,"60,990"
241,Lenovo IP-130 APU Quad Core A4 7th Gen - (4 GB/1 TB HDD/DOS) 81H5003UIN Laptop,"17,090"
242,Lenovo E Core i3 7th Gen - (4 GB/1 TB HDD/DOS) E480 Business Laptop,"34,998"
243,Lenovo Ideapad 130 Core i3 7th Gen - (4 GB/1 TB HDD/DOS) 130-15IKB Laptop,"25,490"
244,Dell G3 Series Core i7 8th Gen - (8 GB/1 TB HDD/128 GB SSD/Windows 10 Home/4 GB Graphics/NVIDIA Geforc...,"77,990"
245,Avita Liber Core i5 8th Gen - (8 GB/256 GB SSD/Windows 10 Home) NS13A2IN205P Thin and Light Laptop,"41,990"
246,HP Pavilion Core i3 7th Gen - (8 GB/1 TB HDD/Windows 10 Home/2 GB Graphics) da0435tx Laptop,"39,990"
247,Avita Liber Core i5 8th Gen - (8 GB/256 GB SSD/Windows 10 Home) NS13A2IN286P Thin and Light Laptop,"41,990"
248,Acer Nitro 5 Core i7 8th Gen - (8 GB + 16 GB Optane/1 TB HDD/Windows 10 Home/4 GB Graphics/NVIDIA Gefo...,"67,990"
249,HP Pavilion 15 Core i5 8th Gen - (8 GB/1 TB HDD/Windows 10 Home/4 GB Graphics/NVIDIA Geforce GTX 1050)...,"54,990"
250,HP Chromebook Celeron Dual Core - (4 GB/64 GB EMMC Storage/Chrome OS) 14-ca003TU Laptop,"22,300"
251,Avita Liber Core i5 7th Gen - (8 GB/256 GB SSD/Windows 10 Home) NS14A1IN011P Thin and Light Laptop,"41,990"
252,Asus Core i5 8th Gen - (4 GB/1 TB HDD/Windows 10 Home) X540UA-DM1027T Laptop,"39,790"
253,HP 14q Core i3 7th Gen - (4 GB/1 TB HDD/Windows 10 Home) 14q-CS0005TU Thin and Light Laptop,"28,990"
254,Asus Ryzen 5 Quad Core - (8 GB/1 TB HDD/Windows 10 Home) M509DA-EJ582T Laptop,"36,990"
255,Dell Inspiron 13 5000 Series Core i3 7th Gen - (4 GB/1 TB HDD/Windows 10 Home) 5378 2 in 1 Laptop,"44,990"
256,HP 15 Core i3 7th Gen - (4 GB/1 TB HDD/Windows 10 Home) 15-da0326tu Laptop,"30,499"
257,Avita Liber Core i5 7th Gen - (8 GB/256 GB SSD/Windows 10 Home) NS14A1IN008P Thin and Light Laptop,"41,990"
258,Dell Inspiron 14 3000 Series Core i3 7th Gen - (4 GB/1 TB HDD/Windows 10 Home) 3467 Laptop,"29,490"
259,Dell Vostro 15 Core i3 7th Gen - (4 GB/1 TB HDD/Windows 10 Home) 3568 Laptop,"27,990"
260,HP Pavilion x360 Core i3 8th Gen - (4 GB/256 GB SSD/Windows 10 Home) 14-dh0101TU 2 in 1 Laptop,"45,990"
261,Asus ROG Strix Scar III Core i7 9th Gen - (16 GB/1 TB SSD/Windows 10 Home/8 GB Graphics/NVIDIA Geforce...,"1,99,990"
262,Dell Inspiron 15 7000 Core i5 8th Gen - (8 GB/1 TB HDD/128 GB SSD/Windows 10 Home/4 GB Graphics) 7570 ...,"76,990"
263,Asus VivoBook 14 Core i3 7th Gen - (4 GB/256 GB SSD/Windows 10 Home) X412UA-EK340T Thin and Light Lapt...,"33,990"
264,Avita Liber Core i5 8th Gen - (8 GB/256 GB SSD/Windows 10 Home) NS14A2IN203P Thin and Light Laptop,"41,990"
265,Nexstgo Core i7 8th Gen - (8 GB/256 GB SSD/Windows 10 Pro) NX101 Thin and Light Laptop,"86,990"
266,HP Chromebook x360 Core i3 8th Gen - (8 GB/64 GB EMMC Storage/Chrome OS) 14-da0003TU 2 in 1 Laptop,"44,990"
267,Asus Core i5 8th Gen - (4 GB/1 TB HDD/Windows 10 Home/2 GB Graphics) R540UB-DM1043T Laptop,"39,990"
268,Dell Inspiron 5000 Core i7 8th Gen - (8 GB/256 GB SSD/Windows 10 Home/4 GB Graphics) 5370 Thin and Lig...,"72,990"
269,Lenovo Ideapad 130 Core i3 7th Gen - (4 GB/1 TB HDD/DOS) 130-15IKB Laptop,"25,490"
270,Lenovo Ideapad 330 Core i3 7th Gen - (4 GB/1 TB HDD/Windows 10 Home/512 MB Graphics) 81DC00HEIN Laptop,"28,789"
271,Microsoft Surface Pro Core m3 7th Gen - (4 GB/128 GB SSD/Windows 10 Pro) M1796 2 in 1 Laptop,"49,990"
272,Smartron t.book flex Core i5 7th Gen - (4 GB/128 GB SSD/Windows 10 Home) T1224 2 in 1 Laptop,"52,990"
273,HP Pavilion 15 Core i5 8th Gen - (8 GB/1 TB HDD/Windows 10 Home/4 GB Graphics/NVIDIA Geforce GTX 1050)...,"54,990"
274,Nexstgo Core i5 8th Gen - (16 GB/512 GB SSD/Windows 10 Pro) NX101 Thin and Light Laptop,"97,990"
275,Dell Inspiron 13 7000 Core i7 8th Gen - (16 GB/512 GB SSD/Windows 10 Home) 7373 2 in 1 Laptop,"96,990"
276,Acer Nitro 5 Spin Core i5 8th Gen - (8 GB/1 TB HDD/Windows 10 Home/4 GB Graphics) NP515-51 2 in 1 Lapt...,"68,990"
277,Dell Inspiron 15 3000 Core i3 7th Gen - (4 GB/1 TB HDD/Windows 10 Home) 3567 Laptop,"31,620"
278,Acer Swift 3 Core i5 8th Gen - (8 GB/256 GB SSD/Windows 10 Home) SF313-51-506P Thin and Light Laptop,"49,990"
279,HP 14q Core i3 7th Gen - (4 GB/1 TB HDD/Windows 10 Home) 14q-CS0005TU Thin and Light Laptop,"28,990"
280,Lenovo Ideapad 330 Core i5 8th Gen - (8 GB/1 TB HDD/Windows 10 Home/2 GB Graphics) 330-15IKB Laptop,"46,990"
281,HP 14 Core i5 8th Gen - (8 GB/1 TB HDD/Windows 10 Home) 14-bf119TU Laptop,"50,990"
282,Acer Swift 5 Core i5 8th Gen - (8 GB/256 GB SSD/Windows 10 Home) SF514-52T Thin and Light Laptop,"64,990"
283,Dell Vostro 15 Core i3 7th Gen - (4 GB/1 TB HDD/Windows 10 Home) 3568 Laptop,"27,990"
284,Acer Aspire 5 Core i5 8th Gen - (4 GB/1 TB HDD/Linux) A515-51 Laptop,"34,990"
285,Avita Liber Core i5 7th Gen - (8 GB/256 GB SSD/Windows 10 Home) NS14A1IN007P Thin and Light Laptop,"41,990"
286,Asus ZenBook Flip 3 Core i5 8th Gen - (8 GB/512 GB SSD/Windows 10 Home) UX362FA-EL501T 2 in 1 Laptop,"81,490"
287,HP 14-CK Series Core i3 7th Gen - (4 GB/1 TB HDD/Windows 10 Home) 14-ck0119TU Laptop,"29,350"
288,HP 14-CK Series Core i3 7th Gen - (4 GB/1 TB HDD/Windows 10 Home) 14-ck0119TU Laptop,"29,350"
289,Lenovo Ideapad 130 Core i3 7th Gen - (4 GB/1 TB HDD/DOS) 130-15IKB Laptop,"25,490"
290,Avita Liber Core i5 8th Gen - (8 GB/256 GB SSD/Windows 10 Home) NS14A2IN212P Thin and Light Laptop,"41,990"
291,Acer Aspire 5 Core i5 7th Gen - (8 GB/1 TB HDD/Windows 10 Home/2 GB Graphics) A515-51G-5206 Laptop,"42,990"
292,Dell Inspiron 5000 Core i7 7th Gen - (8 GB/1 TB HDD/Windows 10 Home) 5578 2 in 1 Laptop,"82,990"
293,HP Pavilion 15 Core i5 8th Gen - (8 GB/1 TB HDD/Windows 10 Home/4 GB Graphics/NVIDIA Geforce GTX 1050)...,"54,990"
294,Asus Vivobook Ryzen 5 Quad Core - (8 GB/1 TB HDD/Windows 10 Home) X505ZA-EJ274TX505Z Thin and Light La...,"36,000"
295,Asus Ryzen 5 Quad Core - (8 GB/1 TB HDD/Windows 10 Home/4 GB Graphics/NVIDIA Geforce GTX 1050) F570ZD-...,"47,400"
296,Lenovo Ideapad 330 Core i3 7th Gen - (4 GB/1 TB HDD/Windows 10 Home/512 MB Graphics) 81DC00DJIN Laptop,"30,490"
297,Asus Vivobook 15 Core i5 8th Gen - (8 GB/512 GB SSD/Windows 10 Home/2 GB Graphics) X512FL-EJ503T Thin ...,"54,400"
298,Asus Vivobook 15 Core i3 8th Gen - (4 GB/256 GB SSD/Windows 10 Home) X512FA-EJ547TX512F Thin and Light...,"34,980"
299,HP 14q Core i3 7th Gen - (4 GB/1 TB HDD/Windows 10 Home) 14q-CS0005TU Thin and Light Laptop,"28,990"
300,HP Pavilion x360 Core i3 8th Gen - (4 GB/1 TB HDD/256 GB SSD/Windows 10 Home/2 GB Graphics) 14-dh0044T...,"57,990"
301,Dell Vostro 14 3000 Core i5 8th Gen - (8 GB/1 TB HDD/Ubuntu) VOS3478 Laptop,"38,990"
302,Lenovo V145-AMD-A6 APU Dual Core A6 6th Gen - (4 GB/1 TB HDD/DOS) 81MT Laptop,"18,249"
303,Dell Vostro 15 Core i3 7th Gen - (4 GB/1 TB HDD/Windows 10 Home) 3568 Laptop,"27,990"
304,Apple MacBook Air Core i5 5th Gen - (8 GB/128 GB SSD/Mac OS Sierra) A1466,"67,990"
305,Asus Vivobook 15 Core i7 8th Gen - (8 GB/512 GB SSD/Windows 10 Home/2 GB Graphics) X512FL-EJ701T Thin ...,"65,200"
306,Lenovo Ideapad 520 Core i5 8th Gen - (8 GB/2 TB HDD/Windows 10 Home/2 GB Graphics) 520-15IKB Laptop,"56,000"
307,HP Core i3 5th Gen - (4 GB/1 TB HDD/Windows 10 Home) 14-AM020TU Laptop,"29,990"
308,HP G6 Core i3 7th Gen - (4 GB/1 TB HDD/DOS) 250-G6 Laptop,"28,889"
309,Asus VivoBook 14 Core i3 7th Gen - (4 GB/256 GB SSD/Windows 10 Home) X412UA-EK340T Thin and Light Lapt...,"33,990"
310,Asus Core i5 8th Gen - (4 GB/1 TB HDD/Windows 10 Home) X507UA-EJ483T Laptop,"38,400"
311,Dell Inspiron 15 5000 Core i5 8th Gen - (8 GB/2 TB HDD/Windows 10 Home/4 GB Graphics) 5570 Laptop,"72,799"
312,Lenovo Ideapad 330 Core i3 7th Gen - (4 GB/1 TB HDD/Windows 10 Home) 330-15IKB Laptop,"45,000"
313,Lenovo Ideapad 130 Core i3 7th Gen - (4 GB/1 TB HDD/DOS) 130-15IKB Laptop,"25,490"
314,Lenovo Ideapad 330 Core i3 8th Gen - (4 GB/1 TB HDD/Windows 10 Home/512 MB Graphics) Ideapad 330 Lapto...,"42,000"
315,Lenovo Core i5 6th Gen - (8 GB/1 TB HDD/Windows 10 Home/4 GB Graphics) IP 500 Laptop,"52,500"
316,Lenovo Ideapad 330s Core i3 8th Gen - (4 GB/1 TB HDD/Windows 10 Home/512 MB Graphics) 81F400GLIN Lapto...,"39,490"
317,Lenovo Core i5 7th Gen - (8 GB/1 TB HDD/Windows 10 Home/4 GB Graphics) 510 Laptop,"66,990"
318,Dell 3000 Core i5 7th Gen - (8 GB/1 TB HDD/Windows 10/2 GB Graphics) 3567 Laptop,"61,990"
319,HP Pavilion 15 Core i5 8th Gen - (8 GB/1 TB HDD/Windows 10 Home/4 GB Graphics/NVIDIA Geforce GTX 1050)...,"54,990"
320,Lenovo YogaBook Core i7 8th Gen - (16 GB/512 GB SSD/Windows 10 Pro) C930-13IKB 2 in 1 Laptop,"1,54,799"
321,Dell Core i5 6th Gen - (4 GB/1 TB HDD/Windows 10 Home/2 GB Graphics) 5559 Laptop,"59,990"
322,Asus X507UF Core i5 8th Gen - (8 GB/1 TB HDD/Windows 10/2 GB Graphics) EJ101T Laptop,"40,190"
323,HP 14q Core i3 7th Gen - (4 GB/1 TB HDD/Windows 10 Home) 14q-CS0005TU Thin and Light Laptop,"28,990"
324,Dell Inspiron 15 5000 Core i5 8th Gen - (8 GB/2 TB HDD/Windows 10 Home/4 GB Graphics) 5570 Laptop,"72,490"
325,HP Pavilion Core i7 9th Gen - (12 GB/1 TB HDD/512 GB SSD/Windows 10 Home/6 GB Graphics/NVIDIA Geforce ...,"1,29,990"
326,Lenovo Ideapad 330 Core i3 7th Gen - (4 GB/1 TB HDD/128 GB SSD/Windows 10 Home/2 GB Graphics) 330-15IK...,"40,990"
327,Lenovo 530S Core i9 - (8 GB/512 GB SSD/8 GB EMMC Storage/Windows 10 Pro/8 GB Graphics) 530S Laptop,"89,990"
328,HP 15 Ryzen 3 Dual Core - (4 GB/1 TB HDD/256 GB SSD/Windows 10 Home) 15-db0239AU Laptop,"32,249"
329,Dell Vostro 15 Core i3 7th Gen - (4 GB/1 TB HDD/Windows 10 Home) 3568 Laptop,"27,990"
330,Asus Vivobook Celeron Dual Core 8th Gen - (2 GB/500 GB HDD/Windows 10 Home) E203MAH-FD004T Thin and Li...,"18,350"
331,Lenovo Core i7 7th Gen - (8 GB/2 TB HDD/Windows 10 Home/4 GB Graphics) 510 Laptop,"82,490"
332,Lenovo B50-80 Core i3 5th Gen - (4 GB/500 GB HDD/Linux) B5080 Laptop,"32,990"
333,Asus VivoBook 14 Core i3 7th Gen - (4 GB/256 GB SSD/Windows 10 Home) X412UA-EK340T Thin and Light Lapt...,"33,990"
334,HP 300 Core i3 7th Gen - (4 GB/1 TB HDD/16 GB EMMC Storage/Windows 10 Pro) 348 G4 Laptop,"44,500"
335,HP 250 G7 Core i5 8th Gen - (8 GB/1 TB HDD/Windows 10 Home) 250 G7 Laptop,"45,000"
336,Lenovo Core i7 7th Gen - (8 GB/2 TB HDD/Windows 10 Home/4 GB Graphics) 510 Laptop,"82,490"
337,Lenovo Core i5 7th Gen - (8 GB/1 TB HDD/Windows 10 Home/4 GB Graphics) 510 Laptop,"67,990"
338,AGB Orion Core i7 7th Gen - (8 GB/500 GB HDD/512 GB SSD/Windows 10/2 GB Graphics/Intel Integrated HD62...,"62,499"
339,Lenovo Ideapad 130 Core i3 7th Gen - (4 GB/1 TB HDD/DOS) 130-15IKB Laptop,"25,490"
340,Dell Core i3 6th Gen - (4 GB/1 TB HDD/Windows 10 Home) 5559 Laptop,"45,490"
341,Lenovo Core i7 7th Gen - (8 GB/2 TB HDD/Windows 10 Home/4 GB Graphics) 510 Laptop,"82,390"
342,Asus VivoBook S15 Core i7 8th Gen - (8 GB/1 TB HDD/256 GB SSD/Windows 10 Home/2 GB Graphics) S530UN-BQ...,"87,990"
343,HP Pavilion 15 Core i5 8th Gen - (8 GB/1 TB HDD/Windows 10 Home/4 GB Graphics/NVIDIA Geforce GTX 1050)...,"54,990"
344,AGB Orion Core i7 7th Gen - (8 GB/1 TB HDD/128 GB SSD/Windows 10/2 GB Graphics/Intel Integrated HD620)...,"61,999"
345,Lenovo 20LS0002US Core i5 7th Gen - (8 GB/256 GB HDD/8 GB SSD/Windows 10) Thinkpad L480 Laptop,"1,25,000"
346,Dell 5000 Core i3 6th Gen - (4 GB/1 TB HDD/Windows 10 Home) 5368 2 in 1 Laptop,"56,990"
347,Lenovo Yoga Pentium Quad Core 8th Gen - (4 GB/500 GB HDD/8 GB SSD/Windows 10 Pro) Yoga 730 Notebook,"92,200"
348,Asus Core i7 8th Gen - (8 GB/512 GB SSD/Windows 10 Home/2 GB Graphics) X509FJ-EJ701T Laptop,"59,990"
349,HP 14q Core i3 7th Gen - (4 GB/1 TB HDD/Windows 10 Home) 14q-CS0005TU Thin and Light Laptop,"28,990"
350,Dell Inspiron 15 5000 Core i5 8th Gen - (8 GB/2 TB HDD/Windows 10 Home/4 GB Graphics) 5570 Laptop,"72,499"
351,Lenovo Ideapad 330 APU Dual Core A6 7th Gen - (4 GB/1 TB HDD/Windows 10 Home/512 MB Graphics) 81D600LA...,"26,990"
352,Lenovo i5-8250u Core i5 7th Gen - (8 GB/256 GB SSD/Windows 10) Yoga 730 2 in 1 Laptop,"1,25,000"
353,Dell Vostro 15 Core i3 7th Gen - (4 GB/1 TB HDD/Windows 10 Home) 3568 Laptop,"27,990"
354,Lenovo G50-30 Pentium Quad Core 4th Gen - (4 GB/500 GB HDD/DOS) G50-30 Laptop,"25,999"
355,Dell Inspiron 5000 Core i7 6th Gen - (16 GB/2 TB HDD/Windows 10 Home/4 GB Graphics) 5559 Laptop,"87,990"
356,Dell Inspiron 5000 Core i5 7th Gen - (8 GB/1 TB HDD/Windows 10 Home) 5378 2 in 1 Laptop,"73,990"
357,Dell Inspiron 5000 Core i5 7th Gen - (4 GB/1 TB HDD/Windows 10 Home/2 GB Graphics) 5567 Laptop,"63,990"
358,Dell Inspiron Core i3 6th Gen - (4 GB/500 GB HDD/Windows 10 Home) 3158 2 in 1 Laptop,"40,000"
359,Asus VivoBook 14 Core i3 7th Gen - (4 GB/256 GB SSD/Windows 10 Home) X412UA-EK340T Thin and Light Lapt...,"33,990"
360,Dell Inspiron 15 3000 Core i3 7th Gen - (4 GB/1 TB HDD/Windows 10/2 GB Graphics) 15 3576 Laptop,"35,290"
361,Lenovo Legion Core i5 7th Gen - (8 GB/1 TB HDD/128 GB SSD/Windows 10 Home/4 GB Graphics/NVIDIA Geforce...,"61,990"
362,HP Pavilion x360 Core i7 8th Gen - (16 GB/512 GB SSD/Windows 10 Home/2 GB Graphics) 14-dh0045TX 2 in 1...,"94,990"
363,Lenovo Ideapad 130 Core i3 7th Gen - (4 GB/1 TB HDD/DOS) 130-15IKB Laptop,"25,490"
364,Dell Vostro 15 3000 Core i3 6th Gen - (4 GB/1 TB HDD/Windows 10 Home) 3568 Laptop,"30,990"
365,Dell Inspiron Core i5 7th Gen - (8 GB/1 TB HDD/Windows 10 Home/2 GB Graphics) 5567 Laptop,"59,990"
366,Apple MacBook Pro Core i5 8th Gen - (8 GB/128 GB SSD/Mac OS Mojave) MUHN2HN/A,"1,17,000"
367,Dell Inspiron 15 3000 Core i3 6th Gen - (4 GB/1 TB HDD/Windows 10 Home) 3567 Laptop,"30,989"
368,HP Pavilion x360 Core i5 8th Gen - (8 GB/1 TB HDD/8 GB SSD/Windows 10 Home) 14-cd0080TU 2 in 1 Laptop,"66,990"
369,HP Pavilion 15 Core i5 8th Gen - (8 GB/1 TB HDD/Windows 10 Home/4 GB Graphics/NVIDIA Geforce GTX 1050)...,"54,990"
370,Lenovo Yoga 520 Core i3 7th Gen - (4 GB/1 TB HDD/Windows 10 Home) 520-14IKB 2 in 1 Laptop,"51,500"
371,Asus Vivobook Core i7 8th Gen - (8 GB/1 TB HDD/Windows 10 Home/2 GB Graphics) X510UN-EJ329T Laptop,"63,400"
372,AGB Octev Core i7 7th Gen - (32 GB/1 TB HDD/1 TB SSD/Windows 10/2 GB Graphics/NVIDIA Geforce GTX 950) ...,"94,999"
373,HP 14q Core i3 7th Gen - (4 GB/1 TB HDD/Windows 10 Home) 14q-CS0005TU Thin and Light Laptop,"28,990"
374,AGB Orion Core i7 7th Gen - (16 GB/1 TB HDD/1 TB SSD/Windows 10/2 GB Graphics/Intel Integrated HD620) ...,"77,299"
375,Dell Inspiron 15 3000 Core i3 7th Gen - (4 GB/1 TB HDD/Windows 10 Home) 3567 Laptop,"40,986"
376,Lenovo Z50 Notebook (4th Gen Ci5/ 4GB/ 1TB/ Free DOS) (59-442264),"42,000"
377,Asus TUF Core i5 8th Gen - (8 GB/1 TB HDD/128 GB SSD/Windows 10 Home/6 GB Graphics/NVIDIA Geforce GTX ...,"82,990"
378,AGB Octev Core i7 7th Gen - (16 GB/1 TB HDD/1 TB SSD/Windows 10 Home/2 GB Graphics/NVIDIA Geforce GTX ...,"82,000"
379,Dell Vostro 15 Core i3 7th Gen - (4 GB/1 TB HDD/Windows 10 Home) 3568 Laptop,"27,990"
380,Asus Core i5 8th Gen - (8 GB/1 TB HDD/Windows 10 Home) X507UA-EJ456T Laptop,"40,990"
381,Dell 5000 Core i5 7th Gen - (8 GB/1 TB HDD/Windows 10 Home) 5578 2 in 1 Laptop,"72,000"
382,HP 15 APU Dual Core A4 - (4 GB/1 TB HDD/Windows 10 Home) 15-db0209au Laptop,"27,000"
383,Asus VivoBook 14 Core i3 7th Gen - (4 GB/256 GB SSD/Windows 10 Home) X412UA-EK340T Thin and Light Lapt...,"33,990"
384,Dell Inspiron 15 5000 Core i3 6th Gen - (4 GB/1 TB HDD/Windows 10 Home) 5567 Laptop,"36,990"
385,HP 15 Core i3 7th Gen - (4 GB/1 TB HDD/Windows 10 Home/2 GB Graphics) 15-DA0447TX Laptop,"39,199"
386,Lenovo Ideapad 320 APU Quad Core A6 - (4 GB/1 TB HDD/Windows 10 Home) 80XV00T8IH Laptop,"29,000"
387,Dell Inspiron 5000 Core i5 7th Gen - (8 GB/1 TB HDD/Windows 10 Home) 5578 2 in 1 Laptop,"72,990"
388,Asus X507UF Core i5 8th Gen - (8 GB/1 TB HDD/Windows 10/2 GB Graphics) EJ092T Laptop,"49,999"
389,Lenovo Ideapad 130 Core i3 7th Gen - (4 GB/1 TB HDD/DOS) 130-15IKB Laptop,"25,490"
390,Asus Vivobook 15 Core i7 8th Gen - (8 GB/512 GB SSD/Windows 10 Home/2 GB Graphics) X512FL-EJ702T Thin ...,"65,300"
391,Lenovo Core i5 7th Gen - (8 GB/2 TB HDD/Windows 10 Home/4 GB Graphics) IP 520 Laptop,"75,500"
392,Lenovo Core i5 7th Gen - (16 GB/2 TB HDD/Windows 10 Home/4 GB Graphics) IP 520 Laptop,"81,990"
393,HP Pavilion 15 Core i5 8th Gen - (8 GB/1 TB HDD/Windows 10 Home/4 GB Graphics/NVIDIA Geforce GTX 1050)...,"54,990"
394,Dell Inspiron Core i5 7th Gen - (8 GB/1 TB HDD/Windows 10 Home/2 GB Graphics) 5567 Laptop,"66,990"
395,Asus Vivobook Core i3 7th Gen - (8 GB/1 TB HDD/Windows 10) X507UA-EJ274T Laptop,"39,999"
396,HP 15 APU Dual Core A6 - (4 GB/1 TB HDD/DOS) 15q-BY004AU Laptop,"25,397"
397,Lenovo Core i7 7th Gen - (8 GB/1 TB HDD/Windows 10 Home/4 GB Graphics) IP 520 Laptop,"72,222"
398,Acer Spin 3 Core i3 6th Gen - (4 GB/500 GB HDD/Windows 10 Home) SP315-51-30Q5 2 in 1 Laptop,"34,990"
399,HP 14q Core i3 7th Gen - (4 GB/1 TB HDD/Windows 10 Home) 14q-CS0005TU Thin and Light Laptop,"28,990"
400,Asus VivoBook Core i5 8th Gen - (8 GB/1 TB HDD/256 GB SSD/Windows 10 Home) S430UA-EB008T Thin and Ligh...,"64,990"
401,Dell Inspiron 15 3000 Core i3 6th Gen - (4 GB/1 TB HDD/Windows 10 Home) 3567 Laptop,"33,990"
402,Lenovo Thinkpad Core i5 8th Gen - (8 GB/256 GB SSD/Windows 10 Pro) Thinkpad X1 Laptop,"1,13,985"
403,Dell Vostro 15 Core i3 7th Gen - (4 GB/1 TB HDD/Windows 10 Home) 3568 Laptop,"27,990"
404,Smartron t.book flex Core m3 7th Gen - (4 GB/128 GB SSD/Windows 10 Home) T1223 2 in 1 Laptop,"42,990"
405,HP 14 Core i5 8th Gen - (8 GB/256 GB SSD/Windows 10 Home) 14-bf120TU Laptop,"57,985"
406,HP Pavilion Core i3 8th Gen - (4 GB + 16 GB Optane/1 TB HDD/Windows 10) 15-cr0037wm 2 in 1 Laptop,"59,436"
407,HP Chromebook x360 Celeron Dual Core - (4 GB/32 GB EMMC Storage/Chrome OS) 11-ae040nr Chromebook,"37,871"
408,Acer Predator Helios 300 Core i7 9th Gen - (16 GB/1 TB HDD/256 GB SSD/Windows 10 Home/6 GB Graphics/NV...,"99,990"
409,Lenovo Ideapad 130 Core i3 7th Gen - (4 GB/1 TB HDD/DOS) 130-15IKB Laptop,"25,490"
410,Asus VivoBook 14 Core i3 7th Gen - (4 GB/256 GB SSD/Windows 10 Home) X412UA-EK340T Thin and Light Lapt...,"33,990"
411,Avita Liber Core i5 8th Gen - (8 GB/256 GB SSD/Windows 10 Home) NS14A2IN209P Thin and Light Laptop,"41,990"
412,Asus ROG Strix G Core i7 9th Gen - (8 GB/1 TB HDD/256 GB SSD/Windows 10 Home/4 GB Graphics/NVIDIA Gefo...,"87,990"
413,HP Pavilion 15 Core i5 8th Gen - (8 GB/1 TB HDD/Windows 10 Home/4 GB Graphics/NVIDIA Geforce GTX 1050)...,"54,990"
414,Asus Core i3 7th Gen - (4 GB/1 TB HDD/Windows 10 Home) X540UA-GQ682T Laptop,"26,990"
415,Asus ROG Strix Core i5 9th Gen - (8 GB/512 GB SSD/Windows 10 Home/4 GB Graphics/NVIDIA Geforce GTX 105...,"57,990"
416,Lenovo Ideapad 330 Ryzen 5 Quad Core - (8 GB/1 TB HDD/DOS) 330-15ARR U Laptop,"29,990"
417,Asus ZenBook Pro Duo Core i9 9th Gen - (32 GB/1 TB SSD/Windows 10 Home/6 GB Graphics) UX581GV-H9201T L...,"2,49,990"
418,Asus ROG Core i9 9th Gen - (32 GB/1 TB HDD/1 TB SSD/Windows 10 Home/8 GB Graphics/NVIDIA Geforce RTX 2...,"3,99,990"
419,HP 14q Core i3 7th Gen - (4 GB/1 TB HDD/Windows 10 Home) 14q-CS0005TU Thin and Light Laptop,"28,990"
420,Asus ROG Strix G Core i7 9th Gen - (16 GB/1 TB HDD/256 GB SSD/Windows 10 Home/4 GB Graphics/NVIDIA Gef...,"92,990"
421,Lenovo Ideapad 330 Core i3 7th Gen - (4 GB/1 TB HDD/DOS) 330-14IKB Laptop,"24,990"
422,Asus FX503 Core i7 7th Gen - (8 GB/1 TB HDD/128 GB SSD/Windows 10 Home/4 GB Graphics/NVIDIA Geforce GT...,"87,990"
423,Dell Vostro 15 Core i3 7th Gen - (4 GB/1 TB HDD/Windows 10 Home) 3568 Laptop,"27,990"
424,Dell Vostro 3000 Core i5 8th Gen - (8 GB/1 TB HDD/Linux) VOS 3480 Laptop,"34,990"
425,Dell XPS 15 Core i9 9th Gen - (32 GB/1 TB SSD/Windows 10 Home/4 GB Graphics) 7590 Laptop,"2,50,222"
426,Asus ROG Strix G Core i5 9th Gen - (8 GB/1 TB HDD/256 GB SSD/Windows 10 Home/4 GB Graphics/NVIDIA Gefo...,"68,990"
427,Asus VivoBook 14 Core i5 8th Gen - (8 GB/512 GB SSD/Windows 10 Home) X412FA-EK268T Thin and Light Lapt...,"53,990"
428,Acer Predator Helios 300 Core i5 7th Gen - (8 GB/1 TB HDD/128 GB SSD/Windows 10 Home/4 GB Graphics/NVI...,"1,29,999"
429,Dell 14 3000 Core i3 7th Gen - (4 GB/1 TB HDD/Windows 10 Home) inspiron3481 Laptop,"25,990"
430,Asus ROG Core i7 7th Gen - (8 GB/1 TB HDD/Windows 10 Home/4 GB Graphics/NVIDIA Geforce GTX 1050) GL553...,"1,07,990"
431,MSI GF Core i5 9th Gen - (8 GB/1 TB HDD/Windows 10 Home/4 GB Graphics/NVIDIA Geforce GTX 1050) GF63 Th...,"56,490"
432,Acer NITRO 5 Core i5 9th Gen - (8 GB/1 TB HDD/Windows 10 Home/3 GB Graphics/NVIDIA Geforce GTX 1050) A...,"54,990"
433,HP Pavilion 15 Core i5 8th Gen - (8 GB/1 TB HDD/Windows 10 Home/4 GB Graphics/NVIDIA Geforce GTX 1050)...,"54,990"
434,HP Pavilion x360 Core i5 10th Gen - (8 GB/1 TB HDD/256 GB SSD/Windows 10 Home) 14-dh1011TU 2 in 1 Lapt...,"75,190"
435,Asus VivoBook 15 Core i3 8th Gen - (4 GB/256 GB SSD/Windows 10 Home) X512FA-EJ548T Laptop,"35,190"
436,Lenovo Ideapad S145 APU Dual Core A6 - (4 GB/1 TB HDD/Windows 10 Home) S145-15AST Laptop,"18,480"
437,Lenovo Ideapad 330 Core i5 8th Gen - (8 GB/1 TB HDD/DOS/4 GB Graphics) 330-15IKB/ 81DELenovo ideapad 3...,"42,990"
438,Asus Core i5 8th Gen - (8 GB/1 TB HDD/Windows 10 Home/2 GB Graphics) R540UB-DM1197T Laptop,"38,990"
439,HP 14q Core i3 7th Gen - (4 GB/1 TB HDD/Windows 10 Home) 14q-CS0005TU Thin and Light Laptop,"28,990"
440,Acer Predator Helios 300 Core i5 9th Gen - (16 GB/1 TB HDD/256 GB SSD/Windows 10 Home/6 GB Graphics/NV...,"99,990"
441,HP 15q APU Dual Core E2 - (4 GB/1 TB HDD/Windows 10 Home) 15q-dy0001AU Laptop,"21,990"
442,Dell Inspiron 15 3000 Core i5 8th Gen - (8 GB/2 TB HDD/Windows 10 Home/2 GB Graphics) 3576 Laptop,"52,990"
443,Dell Vostro 15 Core i3 7th Gen - (4 GB/1 TB HDD/Windows 10 Home) 3568 Laptop,"27,990"
444,Acer Predator Triton 300 Core i7 9th Gen - (8 GB/1 TB HDD/256 GB SSD/Windows 10 Home/4 GB Graphics/NVI...,"79,990"
445,Dell Vostro 14 3000 Core i5 8th Gen - (8 GB/1 TB HDD/Linux/2 GB Graphics) VOS 3480 Laptop,"37,990"
446,HP 15q Ryzen 3 Dual Core - (4 GB/1 TB HDD/Windows 10 Home) 15q-dy0004au Laptop,"27,490"
447,MSI GF63 Thin Core i7 9th Gen - (8 GB/512 GB SSD/Windows 10 Home/4 GB Graphics/NVIDIA Geforce GTX 1650...,"66,990"
448,Apple MacBook Pro Core i5 8th Gen - (8 GB/512 GB SSD/Mac OS Mojave) MV972HN,"1,64,990"
449,Asus VivoBook 14 Core i3 7th Gen - (4 GB/256 GB SSD/Windows 10 Home) X412UA-EK340T Thin and Light Lapt...,"33,990"
450,Asus VivoBook S Series Core i5 8th Gen - (8 GB/1 TB HDD/256 GB SSD/Windows 10 Home) S430FA-EB039T Thin...,"49,990"
451,Lenovo Ideapad 330s Core i3 7th Gen - (4 GB/1 TB HDD/Windows 10 Home) 330S-14IKB Thin and Light Laptop,"34,990"
452,MSI Core i9 9th Gen - (32 GB/1 TB HDD/1 TB SSD/Windows 10 Home/8 GB Graphics/NVIDIA Geforce RTX 2080) ...,"3,99,990"
453,Dell 14 3000 Core i3 7th Gen - (4 GB/1 TB HDD/Windows 10 Home) inspiron3481 Laptop,"25,990"
454,Lenovo Legion Y530 Core i5 8th Gen - (8 GB/1 TB HDD/Windows 10 Home/4 GB Graphics/NVIDIA Geforce GTX 1...,"49,990"
455,Lenovo Ideapad 130 Core i3 7th Gen - (4 GB/1 TB HDD/DOS) 130-15IKB Laptop,"25,490"
456,Lenovo Ideapad 500 Core i5 6th Gen - (4 GB/1 TB HDD/Windows 10 Home/2 GB Graphics/NVIDIA Geforce Nvidi...,"55,000"
457,HP G6 APU Dual Core A6 - (4 GB/1 TB HDD/DOS) 245 G6 Laptop,"17,149"
458,Apple MacBook Pro Core i5 - (8 GB/256 GB SSD/Mac OS Mojave) MPXU2HN/A,"1,29,990"
459,Lenovo Ideapad 130 Core i3 7th Gen - (4 GB/1 TB HDD/DOS) 130-15IKB Laptop,"25,490"
460,Asus ROG Strix Core i7 8th Gen - (16 GB/1 TB HDD/256 GB SSD/Windows 10 Home/4 GB Graphics/NVIDIA Gefor...,"86,990"
461,LifeDigital Zed Series Celeron Dual Core - (2 GB/32 GB EMMC Storage/Windows 10 Home) Zed Note Prime 2 ...,"14,990"
462,Lenovo Ideapad S145 Pentium Gold - (4 GB/1 TB HDD/DOS) S145-15IWL Laptop,"18,990"
463,HP Pavilion 15 Core i5 8th Gen - (8 GB/1 TB HDD/Windows 10 Home/4 GB Graphics/NVIDIA Geforce GTX 1050)...,"54,990"
464,iBall CompBook Celeron Dual Core - (4 GB/64 GB EMMC Storage/Windows 10 Home) Netizen 14 Thin and Light...,"15,000"
465,LifeDigital Zed Series Core i3 5th Gen - (4 GB/1 TB HDD/DOS) Zed Air CX3 Laptop,"18,991"
466,LifeDigital Zed Series Core i3 5th Gen - (4 GB/1 TB HDD/DOS) Zed Air CX3 Laptop,"18,991"
467,LifeDigital Zed Series Core i3 5th Gen - (8 GB/1 TB HDD/DOS) Zed Air CX3 Laptop,"24,831"
468,LifeDigital Zed Series Core i3 5th Gen - (8 GB/1 TB HDD/DOS) Zed Air CX3 Laptop,"24,831"
469,HP 14q Core i3 7th Gen - (4 GB/1 TB HDD/Windows 10 Home) 14q-CS0005TU Thin and Light Laptop,"28,990"
470,MSI GV Series Core i7 8th Gen - (16 GB/1 TB HDD/128 GB SSD/Windows 10 Home/6 GB Graphics/NVIDIA Geforc...,"89,990"
471,Asus APU Dual Core A9 - (4 GB/1 TB HDD/Windows 10 Home) A542BA-GQ067T Laptop,"23,900"
472,HP 15 Pentium Quad Core - (4 GB/1 TB HDD/Windows 10 Home) 15-da0295TU Laptop,"28,000"
473,Dell Vostro 15 Core i3 7th Gen - (4 GB/1 TB HDD/Windows 10 Home) 3568 Laptop,"27,990"
474,iBall CompBook M500 Celeron Dual Core - (4 GB/32 GB EMMC Storage/Windows 10 Home) M500 Laptop,"15,900"
475,Lenovo Ideapad 330 Celeron Dual Core - (4 GB/500 GB HDD/Windows 10 Home) 330-15IGM Laptop,"22,289"
476,Avita Liber Core i5 8th Gen - (8 GB/256 GB SSD/Windows 10 Home) NS14A2IN199P Thin and Light Laptop,"41,990"
477,Acer Aspire 3 Core i3 8th Gen - (4 GB/1 TB HDD/Windows 10 Home) A315-53-317G Laptop,"28,990"
478,HP Pavilion 15-EC Ryzen 5 Quad Core - (8 GB/1 TB HDD/128 GB SSD/Windows 10 Home/4 GB Graphics/NVIDIA G...,"59,990"
479,Asus VivoBook 14 Core i3 7th Gen - (4 GB/256 GB SSD/Windows 10 Home) X412UA-EK340T Thin and Light Lapt...,"33,990"
480,Dell 14 3000 Core i3 7th Gen - (4 GB/1 TB HDD/Ubuntu) inspiron 3481 Laptop,"24,990"
481,HP 15 Pentium Gold - (4 GB/1 TB HDD/Windows 10 Home) 15-da0389TU Laptop,"20,799"
482,Dell Inspiron Core i7 6th Gen - (16 GB/1 TB HDD/128 GB SSD/Windows 10 Home/4 GB Graphics/NVIDIA Geforc...,"1,20,000"
483,Lenovo Ideapad 130 Core i3 7th Gen - (4 GB/1 TB HDD/DOS) 130-15IKB Laptop,"25,490"
484,HP 14q Core i3 7th Gen - (4 GB/1 TB HDD/DOS) 14q-cs0009TU Thin and Light Laptop,"26,490"
485,MSI GE Core i7 8th Gen - (16 GB/1 TB HDD/512 GB SSD/Windows 10 Home/8 GB Graphics/NVIDIA Geforce GTX 1...,"1,79,990"
486,HP G7 Ryzen 3 Dual Core - (4 GB/1 TB HDD/DOS) 245 G7 Laptop,"20,999"
487,Lenovo Ideapad 330 Core i3 7th Gen - (8 GB/1 TB HDD/DOS) 330-15IKB Laptop,"30,490"
488,MSI Stealth Core i7 8th Gen - (16 GB/512 GB SSD/Windows 10 Home/6 GB Graphics/NVIDIA Geforce RTX 2060)...,"1,89,990"
489,HP Pavilion 15 Core i5 8th Gen - (8 GB/1 TB HDD/Windows 10 Home/4 GB Graphics/NVIDIA Geforce GTX 1050)...,"54,990"
490,Acer Nitro 5 Core i5 9th Gen - (8 GB/1 TB HDD/256 GB SSD/Windows 10 Home/4 GB Graphics/NVIDIA Geforce ...,"64,990"
491,HP Pavilion x360 Core i3 8th Gen - (4 GB/256 GB SSD/Windows 10 Home) 14-dh0107TU 2 in 1 Laptop,"42,990"
492,Acer Nitro 5 Core i5 7th Gen - (8 GB/1 TB HDD/128 GB SSD/Windows 10 Home/2 GB Graphics/NVIDIA Geforce ...,"52,990"
493,HP 14q Core i3 7th Gen - (4 GB/1 TB HDD/Windows 10 Home) 14q-CS0005TU Thin and Light Laptop,"28,990"
494,Apple MacBook Air Core i5 8th Gen - (8 GB/128 GB SSD/Mac OS Mojave) MVFK2HN/A,"96,499"
495,Lenovo Ideapad 130 Core i5 8th Gen - (4 GB/1 TB HDD/Windows 10 Home) 130-15IKB Laptop,"35,990"
496,HP HP Notebook Core i5 8th Gen - (8 GB/1 TB HDD/256 GB SSD/Windows 10 Home/2 GB Graphics) 14s-CR1018TX...,"55,690"
497,HP Pavilion x360 14 Core i3 10th Gen - (4 GB/1 TB HDD/256 GB SSD/Windows 10 Home) 14-dh1008TU 2 in 1 L...,"53,800"
498,Asus Vivobook 15 Ryzen 5 Quad Core - (8 GB/512 GB SSD/Windows 10 Home) X512DA-EJ502T Thin and Light La...,"42,390"
499,Dell Vostro 15 Core i3 7th Gen - (4 GB/1 TB HDD/Windows 10 Home) 3568 Laptop,"27,990"
500,Apple MacBook Pro Core i7 8th Gen - (16 GB/256 GB SSD/Mac OS Mojave/4 GB Graphics) MV902HN,"1,89,900"
501,HP G7 Core i3 7th Gen - (4 GB/1 TB HDD/DOS) 250 G7 Laptop,"26,490"
502,HP 15 Core i3 7th Gen - (8 GB/1 TB HDD/Windows 10 Home) 15-da0388TU Laptop,"34,490"
503,HP Pavilion 13 Core i5 8th Gen - (8 GB/256 GB SSD/Windows 10 Home) 13-an0046tu Thin and Light Laptop,"69,990"
504,Asus ROG Core i9 9th Gen - (32 GB/1 TB HDD/1 TB SSD/Windows 10 Home/8 GB Graphics/NVIDIA Geforce RTX 2...,"3,99,990"
505,Asus ROG Strix G Core i7 9th Gen - (16 GB/1 TB HDD/256 GB SSD/Windows 10 Home/4 GB Graphics/NVIDIA Gef...,"92,990"
506,Lenovo Ideapad 330 Core i3 7th Gen - (4 GB/1 TB HDD/DOS) 330-14IKB Laptop,"24,990"
507,Lenovo Ideapad 130 Core i3 7th Gen - (4 GB/1 TB HDD/DOS/2 GB Graphics) 130-15IKB Laptop,"28,490"
508,Lenovo 81N400EBIN Core i5 8th Gen - (8 GB/512 GB SSD/Windows 10 Home/2 GB Graphics) C340-14IWL Thin an...,"79,999"
509,Lenovo Ideapad 130 Core i3 7th Gen - (4 GB/1 TB HDD/DOS) 130-15IKB Laptop,"25,490"
510,Lenovo Ideapad 330s Core i3 7th Gen - (4 GB/1 TB HDD/Windows 10 Home) 330S-14IKB Laptop,"30,490"
511,Lenovo Ideapad S145 Pentium Gold - (4 GB/1 TB HDD/Windows 10 Home) S145-15IWL Laptop,"21,490"
512,Dell G3 15 3000 Series Core i5 8th Gen - (8 GB + 16 GB Optane/1 TB HDD/Windows 10 Home/4 GB Graphics/N...,"62,990"
513,HP Pavilion 15 Core i5 8th Gen - (8 GB/1 TB HDD/Windows 10 Home/4 GB Graphics/NVIDIA Geforce GTX 1050)...,"54,990"
514,Lenovo Ideapad 130 Core i3 7th Gen - (4 GB/1 TB HDD/Windows 10 Home) 130-14IKB Laptop,"27,490"
515,Microsoft Surface Go Pentium Gold - (8 GB/128 GB SSD/Windows 10 Home in S Mode) 1824 2 in 1 Laptop,"47,499"
516,Asus VivoBook S Series Core i5 8th Gen - (8 GB/1 TB HDD/256 GB SSD/Windows 10 Home) S430FA-EB156T Thin...,"56,990"
517,Asus Core i5 8th Gen - (8 GB/1 TB HDD/Windows 10 Home/2 GB Graphics) R540UB-DM723T Laptop,"41,990"
518,Avita Liber Core i5 8th Gen - (8 GB/256 GB SSD/Windows 10 Home) NS14A2IN196P Thin and Light Laptop,"41,990"
519,HP 14q Core i3 7th Gen - (4 GB/1 TB HDD/Windows 10 Home) 14q-CS0005TU Thin and Light Laptop,"28,990"
520,HP Chromebook x360 Core i5 8th Gen - (8 GB/64 GB EMMC Storage/Chrome OS) 14-da0004TU 2 in 1 Laptop,"52,990"
521,Dell Vostro 14 3000 Core i5 8th Gen - (8 GB/1 TB HDD/Windows 10 Home/2 GB Graphics) vos 3480 Laptop,"42,990"
522,Dell Inspiron 15 3000 Core i3 7th Gen - (4 GB/1 TB HDD/Windows 10 Home) 3584 Laptop,"28,990"
523,Dell Vostro 15 Core i3 7th Gen - (4 GB/1 TB HDD/Windows 10 Home) 3568 Laptop,"27,990"
524,Lenovo Legion Y530 Core i5 8th Gen - (8 GB/1 TB HDD/128 GB SSD/Windows 10 Home/4 GB Graphics/NVIDIA Ge...,"81,990"
525,HP 14s Core i5 8th Gen - (8 GB/1 TB HDD/256 GB SSD/Windows 10 Home) 14s-cr1005TU Thin and Light Laptop,"50,490"
526,HP Pavilion x360 Core i5 10th Gen - (8 GB/256 GB SSD/Windows 10 Home) 14-dh1010TU 2 in 1 Laptop,"68,690"
527,HP G6 APU Dual Core A9 - (4 GB/1 TB HDD/DOS) 245-G6 Laptop,"18,990"
528,Acer Aspire 3 Ryzen 5 Quad Core - (4 GB/1 TB HDD/Windows 10 Home) A315-41 Laptop,"26,990"
529,Lenovo Ideapad 130 Core i3 7th Gen - (4 GB/1 TB HDD/DOS) 130-15IKB Laptop,"25,490"
530,HP 15s Core i3 8th Gen - (8 GB/1 TB HDD/Windows 10 Home) 15s-du0093TU Laptop,"36,490"
531,HP APU Dual Core A6 - (4 GB/1 TB HDD/DOS) 245 G7 Laptop,"17,949"
532,Apple MacBook Pro Core i9 8th Gen - (16 GB/512 GB SSD/Mac OS Mojave/4 GB Graphics) MV912HN,"2,24,990"
533,HP Pavilion 15 Core i5 8th Gen - (8 GB/1 TB HDD/Windows 10 Home/4 GB Graphics/NVIDIA Geforce GTX 1050)...,"54,990"
534,iBall CompBook Pentium Quad Core - (4 GB/32 GB EMMC Storage/Windows 10 Home) Premio v3.0 Laptop,"13,990"
535,HP 15 Core i3 7th Gen - (4 GB/1 TB HDD/Windows 10 Home) 15-da0352tu Laptop,"30,690"
536,HP G6 Celeron Dual Core - (4 GB/1 TB HDD/DOS) 250-G6 Laptop,"20,490"
537,HP 15 Ryzen 3 Dual Core - (4 GB/1 TB HDD/Windows 10 Home) 15-db0186AU Laptop,"27,990"
538,Acer Aspire 5 Core i5 7th Gen - (8 GB/1 TB HDD/Windows 10 Home/2 GB Graphics) A515-51G Laptop,"41,990"
539,HP 14q Core i3 7th Gen - (4 GB/1 TB HDD/Windows 10 Home) 14q-CS0005TU Thin and Light Laptop,"28,990"
540,MSI GL Core i7 8th Gen - (16 GB/1 TB HDD/128 GB SSD/Windows 10 Home/6 GB Graphics/NVIDIA Geforce GTX 1...,"1,17,990"
541,Lenovo Legion Core i7 7th Gen - (8 GB/1 TB HDD/128 GB SSD/Windows 10 Home/4 GB Graphics/NVIDIA Geforce...,"97,990"
542,HP G7 APU Dual Core A6 7th Gen - (4 GB/1 TB HDD/DOS) 245 G7 Laptop,"17,990"
543,Dell Vostro 15 Core i3 7th Gen - (4 GB/1 TB HDD/Windows 10 Home) 3568 Laptop,"27,990"
544,Lenovo Ideapad 330 Core i5 8th Gen - (8 GB + 16 GB Optane/1 TB HDD/Windows 10 Home/4 GB Graphics/NVIDI...,"64,999"
545,Lenovo Ideapad 130 APU Quad Core A6 7th Gen - (4 GB/1 TB HDD/Windows 10 Home) 81H5003VIN Laptop,"18,120"
546,Asus ROG Zephyrus S Core i7 9th Gen - (24 GB/1 TB SSD/Windows 10 Home/8 GB Graphics/NVIDIA Geforce RTX...,"1,99,999"
547,MSI GL Core i7 8th Gen - (8 GB/1 TB HDD/128 GB SSD/Windows 10 Home/4 GB Graphics/NVIDIA Geforce GTX 10...,"72,990"
548,Asus Pentium Quad Core - (4 GB/1 TB HDD/Windows 10 Home) X540MA-GQ098T Laptop,"20,990"
549,Asus VivoBook 14 Core i3 7th Gen - (4 GB/256 GB SSD/Windows 10 Home) X412UA-EK340T Thin and Light Lapt...,"33,990"
550,Asus ROG Strix Core i5 8th Gen - (8 GB/1 TB HDD/128 GB SSD/Windows 10 Home/4 GB Graphics/NVIDIA Geforc...,"63,990"
551,Lenovo Ideapad 330 Celeron Dual Core - (4 GB/1 TB HDD/Windows 10 Home) 330-15IKB Laptop,"19,950"
552,Lenovo Ideapad 330 Celeron Dual Core - (4 GB/500 GB HDD/Windows 10 Home) 330-15IGM Laptop,"22,289"
553,Lenovo Ideapad 130 Core i3 7th Gen - (4 GB/1 TB HDD/DOS) 130-15IKB Laptop,"25,490"
